date,AAPL,MSFT,NVDA,AMD,GS,BAC,F,JNJ
2026-01-02,271.9197,474.5256,189.9012,222.9561,904.1027,55.6308,13.2711,206.4993
2026-01-05,267.9755,473.3783,188.8238,224.308,950.1998,57.0595,13.3997,203.2475
2026-01-06,263.1381,475.7775,189.032,214.6482,953.4449,57.1554,13.6795,205.2958
2026-01-07,261.4392,485.1659,189.5026,209.7514,943.6512,55.8699,13.6875,207.0968
2026-01-08,257.4496,478.1025,185.4313,205.4059,937.2984,56.2192,14.3552,206.4196
2026-01-09,258.6804,477.1487,185.109,204.9395,939.5342,56.0612,14.201,204.9201
2026-01-12,260.0061,478.0578,185.3618,207.3938,943.6661,55.0873,14.0347,208.6757
2026-01-13,260.3473,469.7192,185.258,219.5295,938.8433,54.6515,14.0172,212.9969
2026-01-14,259.2335,460.9882,182.2208,221.1595,930.5675,52.3122,13.8893,217.6245
2026-01-15,258.9417,458.5446,187.8823,233.8776,964.5953,52.6866,13.8719,218.7922
2026-01-16,256.2442,460.0301,187.8154,232.1238,965.7675,52.9115,13.6575,218.9351
2026-01-20,248.1492,453.8333,179.713,233.7809,947.6534,52.3972,13.3424,217.4957
2026-01-21,247.7151,445.2089,181.9657,247.063,957.2193,52.3471,13.6355,216.4399
2026-01-22,249.2648,449.5396,184.8545,252.4945,959.6696,52.658,13.7736,219.4025
2026-01-23,247.5598,465.3579,187.7248,260.832,924.1347,51.6851,13.6217,219.6909
2026-01-26,254.6109,470.4777,186.9377,252.6715,929.2452,52.0436,13.4439,221.2944
2026-01-27,259.6602,479.4532,188.828,251.994,927.119,52.0701,13.8001,224.5044
2026-01-28,256.2135,473.6499,191.4944,253.2721,932.0465,51.7161,13.8137,227.3026
2026-01-29,258.2492,428.9283,190.0127,249.4624,938.1167,52.6958,13.9647,227.6156
2026-01-30,257.6628,431.5956,191.7183,239.7122,935.4543,53.1349,13.877,227.0513
2026-02-02,266.5831,425.284,187.5941,246.1778,939.9083,53.8008,13.8105,229.9462
2026-02-03,269.6176,412.3983,180.1812,240.3557,937.8519,54.4486,13.7812,233.719
2026-02-04,275.9912,414.5297,175.2515,205.7,913.06,55.499,13.8521,234.6151
2026-02-05,275.6181,398.9349,173.5669,194.8472,891.8312,54.7998,13.6988,237.9027
2026-02-06,278.6274,398.4441,183.016,205.6004,925.1883,56.4528,13.7548,239.6479
2026-02-09,273.8983,411.4821,190.5402,214.1948,942.9641,56.4985,13.6379,238.5159
2026-02-10,273.8929,416.8281,189.4238,215.5367,947.9948,55.5529,13.6633,238.9715
2026-02-11,276.8673,405.2089,191.1817,213.2534,946.4437,54.238,13.7031,240.4253
2026-02-12,264.268,402.3565,189.2615,209.1876,922.5476,52.5912,14.0576,244.3613
2026-02-13,257.9822,401.9355,183.6369,207.3462,895.732,52.3606,14.1432,243.5894
2026-02-17,262.4774,397.1327,183.6291,200.8725,915.3871,52.9154,14.0644,243.226
2026-02-18,264.5654,400.0194,188.5845,199.7754,935.9528,53.3332,13.9509,244.2203
2026-02-19,261.7615,399.2454,187.1171,201.888,916.8589,52.5119,13.7983,246.0303
2026-02-20,262.8335,397.4019,188.9062,200.8663,916.4825,52.7199,13.9389,243.2071
2026-02-23,266.5747,386.7775,191.3441,196.3513,894.2547,51.3617,13.6828,245.7254
2026-02-24,272.5277,387.3073,192.054,212.9647,900.3222,50.2668,14.2118,246.1746
2026-02-25,273.7642,397.9012,196.701,212.1091,918.1266,51.5113,14.3831,245.0884
2026-02-26,272.6741,401.8816,187.3002,203.9944,929.3131,52.2672,14.4876,243.1925
2026-02-27,265.6195,393.3705,179.3188,199.8105,867.951,49.89,14.1938,247.9618
2026-03-02,264.4409,397.8569,181.0113,195.8109,861.3801,49.8417,13.3955,248.6219
2026-03-03,263.1124,401.2298,179.3645,190.9339,851.4273,49.6406,12.8304,246.3641
2026-03-04,263.2544,406.1868,182.7363,199.063,869.9484,50.0291,12.9411,245.4079
2026-03-05,259.8254,409.2463,181.6192,199.042,838.3611,49.7201,12.4292,238.995
2026-03-06,257.0768,410.1868,180.026,195.6517,817.7415,48.3504,12.1443,238.7126
2026-03-09,258.0266,407.3066,179.7808,196.8381,816.8244,47.3641,12.0213,242.2437
2026-03-10,260.7116,405.6429,184.6161,204.1813,836.2427,48.5802,12.3595,243.5657
2026-03-11,260.6671,404.6505,185.8987,205.6556,820.9803,48.3117,12.1568,242.6801
2026-03-12,255.731,403.3788,183.3719,198.7104,791.4385,47.1817,12.0722,242.829
2026-03-13,251.84,397.3884,182.0558,194.9757,787.0904,47.0553,11.7588,242.8094
2026-03-16,252.7539,398.6022,184.1801,197.7597,796.4916,47.1629,11.7222,242.9305
2026-03-17,254.1579,399.6352,182.7131,196.8603,808.2891,47.4452,11.9294,239.0989
2026-03-18,250.8653,393.6016,181.8799,199.6247,807.9379,47.0697,11.8609,237.4506
2026-03-19,249.1478,389.2001,178.162,200.608,804.4626,46.7468,11.6094,237.8155
2026-03-20,248.0109,383.0875,174.6118,201.3587,813.3755,47.1387,11.5163,235.7813
2026-03-23,251.8672,383.9105,176.4422,205.0728,836.1862,47.7733,11.8506,235.5753
2026-03-24,252.1598,374.0247,175.1729,203.7726,835.2144,48.0833,11.8038,234.9715
2026-03-25,253.1358,371.8266,179.1424,218.3289,842.9812,48.6995,11.7679,239.7986
2026-03-26,254.1896,368.4091,173.3077,208.8671,824.8915,48.3688,11.5944,240.0664
2026-03-27,250.9316,358.5856,168.5278,201.0333,805.7085,47.2939,11.3925,241.0667
2026-03-30,246.8526,360.3309,166.4526,198.8504,808.9546,47.2614,11.2288,242.277
2026-03-31,252.2579,368.3988,172.1499,201.3013,836.8483,48.3824,11.4683,244.0479
2026-04-01,255.0165,370.676,176.0833,210.6041,862.0106,49.2894,11.6499,244.6687
2026-04-02,254.6924,370.5386,175.561,212.5576,857.4009,49.1754,11.5351,243.8302
2026-04-06,259.0947,372.3108,177.0078,221.2014,865.6489,49.9608,11.5806,241.4163
2026-04-07,250.8535,370.7832,176.1977,219.1586,861.5897,50.1275,11.4988,238.4753
2026-04-08,258.2686,376.8447,182.2629,230.9715,905.1537,51.831,12.1297,239.1148
2026-04-09,259.3901,370.7783,182.9733,234.8386,904.3637,52.5016,12.1751,241.9299
2026-04-10,260.4169,371.7506,188.0905,245.6496,904.3794,52.5441,12.1542,238.8159
2026-04-13,258.3498,380.1443,188.2864,245.2148,881.6361,52.9075,12.0736,237.3215
2026-04-14,258.8137,392.2232,194.2119,251.7218,905.6623,53.3098,12.6542,239.5824
2026-04-15,264.1551,408.2626,198.358,255.8348,905.6434,54.3404,12.6477,238.274
2026-04-16,263.4178,418.1332,198.1152,272.7637,902.3606,53.8604,12.5025,234.3681
2026-04-17,269.8735,425.226,200.7922,277.9804,923.3584,54.0564,12.8933,234.4548
2026-04-20,272.6888,418.5109,200.0536,276.82,936.7858,53.7677,12.8205,231.5651
2026-04-21,267.5828,424.4977,200.6952,281.9336,931.5734,53.7101,12.8736,226.0469
2026-04-22,271.9338,430.9255,201.4015,297.2847,935.1011,53.2494,12.67,225.4795
2026-04-23,273.5556,417.6302,200.7529,307.0956,933.5829,52.655,12.5105,230.1271
2026-04-24,270.8895,421.4352,207.3379,345.5783,925.553,52.1258,12.3739,227.854
2026-04-27,267.187,423.243,212.9179,336.031,934.9696,52.6255,12.4909,225.6874
2026-04-28,270.5517,427.1904,211.6147,321.3121,929.3301,52.811,12.3521,228.1415
2026-04-29,269.7037,423.7278,209.9611,331.1501,906.9633,52.6082,12.241,227.0272
2026-04-30,272.4961,406.0096,201.4292,347.3309,921.9453,53.3738,11.8755,229.8155
2026-05-01,282.3707,414.1143,199.4428,357.1302,925.8008,53.4533,11.893,228.1821
2026-05-04,276.913,414.942,197.8462,345.8407,906.4819,52.3253,11.5683,224.7154
2026-05-05,282.4091,411.1828,197.5549,362.28,917.3209,53.0933,11.7035,225.6831
2026-05-06,286.3094,412.7015,205.2602,416.4858,936.8484,53.7011,12.1436,224.3333
2026-05-07,288.7495,422.6818,211.5569,410.4536,928.8362,53.0212,12.1747,222.1995
2026-05-08,293.1208,415.7801,215.5594,441.7021,934.5861,51.6219,12.2845,221.5383
2026-05-11,292.233,411.3348,219.5231,460.9734,943.9429,50.6678,12.0959,221.3992
2026-05-12,294.1897,408.3795,219.257,442.9168,939.6194,50.6393,11.9396,224.4346
2026-05-13,298.1137,404.43,225.8165,445.7989,952.4966,50.1894,13.2857,229.3779
2026-05-14,298.2822,408.1286,234.0682,447.3783,969.1548,50.0283,14.4459,230.6166
2026-05-15,300.4335,421.6357,227.3787,430.1882,951.23,49.682,13.4902,227.7003
2026-05-18,297.2155,421.4784,222.8993,420.2888,947.8582,50.5893,13.2623,228.5188
2026-05-19,298.3829,421.6234,221.1572,411.0446,930.5459,50.8482,13.0329,229.7714
2026-05-20,301.1324,418.1275,223.3667,442.3343,970.4822,51.2106,13.1846,229.7486
2026-05-21,304.0891,419.451,220.9387,442.7265,985.1844,51.2295,13.5336,230.9366
2026-05-22,309.1625,419.0948,216.8413,469.3763,998.2707,51.8827,14.6797,234.4171
2026-05-26,309.4794,415.9517,214.8093,495.6559,996.295,52.1489,15.2289,230.4843
2026-05-27,311.2778,412.9537,211.6712,496.8183,993.2419,51.3497,15.8462,231.6004
2026-05-28,311.5515,424.7426,213.5052,513.7845,1003.0937,50.8475,16.4815,230.9338
2026-05-29,311.9766,446.1712,213.3028,513.648,1022.0682,51.4879,17.4266,226.1021
2026-06-01,307.4113,461.5527,221.4785,504.1027,1041.0856,51.5043,16.8833,222.9641
2026-06-02,313.1982,443.9204,225.6395,514.3716,1065.9355,52.4222,16.2611,223.0784
2026-06-03,311.5277,428.9667,216.3986,536.7389,1043.2721,52.2027,15.7866,223.6531
2026-06-04,311.2408,429.2467,216.7444,518.6422,1085.623,53.9214,15.386,227.7986
2026-06-05,310.4395,419.5554,208.2579,478.4079,1053.218,53.7813,14.8832,232.8713
2026-06-08,307.6395,411.9012,208.3476,488.1585,1049.3097,53.8527,15.0577,232.1128
2026-06-09,292.0338,404.4926,205.7214,469.1497,1030.4284,54.2112,14.9082,235.9238
2026-06-10,291.412,400.124,202.9461,458.9852,1009.0472,54.7474,14.4449,238.8875
2026-06-11,294.1141,389.1596,202.9839,477.0055,1024.24,54.8994,14.5036,239.3682
2026-06-12,291.6015,387.4809,205.113,511.4422,1062.5885,55.7955,14.7921,240.0684
2026-06-15,296.0109,398.8237,211.3383,548.0101,1078.2243,56.0904,14.9098,236.1406
2026-06-16,298.5286,393.415,208.7653,521.5439,1091.418,56.7663,14.5588,234.5573
2026-06-17,297.1015,383.0388,206.1298,518.7498,1108.7599,57.0592,14.2084,233.3175
2026-06-18,298.0656,378.2768,209.7577,533.9985,1104.2249,56.4055,14.0154,229.0499
2026-06-22,298.6742,370.6994,209.9296,547.6218,1102.7241,57.3681,14.2446,230.7906
2026-06-23,296.8756,373.6653,201.308,519.7162,1094.6756,57.7677,14.036,237.7775
2026-06-24,294.8559,369.4538,199.1311,517.4811,1079.1889,57.7171,13.8671,240.7884
2026-06-25,277.4466,354.5069,195.5225,527.0967,1075.8113,58.434,14.1873,245.3467
2026-06-26,282.3244,371.2916,193.2718,519.8247,1024.2147,57.8995,14.2033,253.7552
2026-06-29,282.0733,371.3974,194.0758,525.998,1023.3512,58.0313,14.1029,256.9456
2026-06-30,288.0891,371.9193,198.9263,571.9421,1012.655,57.0679,13.9363,254.8909
2026-07-01,294.0639,384.1319,197.0727,549.8322,1019.707,58.1402,13.7083,253.2704
2026-07-02,306.4468,389.4545,195.0961,520.5982,1022.0369,58.5652,13.4213,261.4966
2026-07-06,312.0838,385.7235,195.9732,557.4242,1051.4614,59.714,13.7591,258.7647
2026-07-07,312.2982,391.951,195.1014,514.7994,1044.5256,60.1354,13.6349,267.4305
2026-07-08,312.2125,383.2101,200.9618,512.0878,1026.7036,58.5915,13.457,265.4591
2026-07-09,314.4615,380.6426,202.3493,549.0451,1057.7553,59.1909,13.6271,259.8251
2026-07-10,314.7543,385.1152,208.6258,553.1699,1056.4655,59.7024,13.996,257.2677
2026-07-13,318.1536,390.317,205.6481,537.6407,1045.9395,59.3151,13.9578,257.8988
2026-07-14,314.6606,384.7303,209.5266,556.0013,1123.5855,60.5355,13.8713,253.7804
2026-07-15,325.8418,395.0068,210.4754,528.5962,1141.5894,61.5823,14.218,249.6878
2026-07-16,331.582,400.3641,207.3821,503.5464,1105.3979,61.5299,14.1511,249.9479
2026-07-17,332.6314,393.7785,203.0269,489.8461,1070.6216,61.3387,14.315,253.2832
2026-07-20,326.9784,398.9157,204.5863,511.275,1059.2835,60.6823,14.0617,249.9312
2026-07-21,326.9819,398.6721,206.4087,536.7223,1080.8183,61.1031,14.2964,250.1074
2026-07-22,325.4235,390.0619,211.6226,550.8554,1097.2583,61.6487,14.4312,254.9169
2026-07-23,321.2284,382.2669,208.5769,541.4364,1075.0832,61.1609,14.1206,258.5611
2026-07-24,331.448,383.311,207.8322,528.7383,1064.8874,61.9353,14.3761,262.9182
2026-07-27,336.785,390.9129,198.4794,492.3788,1049.1669,62.2657,14.5465,266.5307
2026-07-28,339.2806,395.6766,196.3153,456.4209,1033.499,62.4124,14.9401,268.9433
2026-07-29,340.4854,397.0173,192.1463,436.7802,991.7273,61.5355,15.6546,266.3968
2026-07-30,330.1532,448.7298,194.3705,482.9322,1016.5157,61.6208,14.827,256.0848
2026-07-31,304.5425,460.8907,199.0602,489.7227,1021.716,61.9936,14.6256,256.4774
2026-08-03,305.1311,486.8975,205.5967,478.588,1019.7946,62.2442,14.5907,253.6729
2026-08-04,307.7608,493.3181,211.4857,511.9587,1055.3376,63.0622,14.1893,253.775
2026-08-05,309.5665,489.6504,220.1346,486.1505,1068.1575,63.3043,14.2399,257.5826
2026-08-06,312.478,497.154,219.8995,488.0795,1042.2636,63.0661,13.9272,256.9971
2026-08-07,312.937,501.2903,222.978,483.1777,1039.4298,63.017,13.9782,258.1408
2026-08-10,307.2588,507.241,219.3431,475.1854,1035.65,63.7578,13.9694,260.7197
2026-08-11,305.6606,502.9017,218.4746,470.2662,1035.0894,63.9939,14.0574,259.9006
2026-08-12,302.1523,493.8139,223.3471,485.9015,1039.7469,64.5628,13.8539,260.2112
2026-08-13,304.2129,496.5932,225.3578,490.6463,1046.639,64.2534,13.9002,261.5972
2026-08-14,305.7523,496.4607,225.4994,503.6295,1038.3496,64.4297,14.2564,260.5262
2026-08-17,305.1237,482.0538,225.9966,510.5552,1049.5796,64.4619,14.1296,262.2666
2026-08-18,309.7033,481.7225,219.8171,482.0103,1036.7391,64.078,13.9377,270.5305
2026-08-19,315.8212,484.0776,218.7965,468.3938,1020.612,63.3904,14.2973,273.6757
2026-08-20,314.071,481.5203,217.1744,466.6416,1007.7593,62.334,13.9828,269.1145
2026-08-21,309.7018,483.0192,215.8179,470.7028,1031.7026,61.8957,14.4071,270.3757
2026-08-24,311.2999,487.5049,209.636,457.839,1036.1281,62.3144,13.9362,272.5282
2026-08-25,309.8525,489.8712,212.3721,476.9085,1055.6478,62.3141,13.944,272.8479
2026-08-26,313.235,494.79,211.6585,483.3631,1042.184,62.291,13.8605,270.4826
2026-08-27,313.5291,502.7514,226.2499,475.6167,1040.8982,61.3359,13.9907,266.6945
2026-08-28,319.5134,513.4164,221.2438,470.4267,1037.2556,62.1812,13.9036,266.7724
2026-08-31,316.2299,508.7416,219.6809,469.3349,1026.0817,62.0111,13.9593,266.1051
2026-09-01,324.0875,501.454,217.7565,457.7063,1007.1794,62.1234,13.8522,270.0744
2026-09-02,325.2771,496.906,224.3773,457.2188,1005.8746,62.6629,14.0257,275.6662
2026-09-03,328.1567,510.9076,228.0853,453.6617,1033.3491,62.9517,14.3735,277.9181
2026-09-04,321.1818,501.1874,231.7903,472.007,1035.6831,62.543,14.56,275.6106
